-- phpMyAdmin SQL Dump
-- version 4.5.2
-- http://www.phpmyadmin.net
--
-- Host: localhost
-- Generation Time: Apr 22, 2019 at 07:01 PM
-- Server version: 10.1.10-MariaDB
-- PHP Version: 5.5.33

SET SQL_MODE = "NO_AUTO_VALUE_ON_ZERO";
SET time_zone = "+00:00";


/*!40101 SET @OLD_CHARACTER_SET_CLIENT=@@CHARACTER_SET_CLIENT */;
/*!40101 SET @OLD_CHARACTER_SET_RESULTS=@@CHARACTER_SET_RESULTS */;
/*!40101 SET @OLD_COLLATION_CONNECTION=@@COLLATION_CONNECTION */;
/*!40101 SET NAMES utf8mb4 */;

--
-- Database: `timetable`
--

-- --------------------------------------------------------

--
-- Table structure for table `tbl_admin`
--

CREATE TABLE `tbl_admin` (
  `id` int(11) NOT NULL,
  `name` varchar(50) NOT NULL,
  `email` varchar(50) NOT NULL,
  `CONTACT NUMBER` varchar(11) NOT NULL,
  `password` varchar(50) NOT NULL,
  `status` int(11) NOT NULL,
  `added_date` datetime NOT NULL,
  `updated_date` datetime NOT NULL,
  `isDeleted` int(11) NOT NULL
) ENGINE=InnoDB DEFAULT CHARSET=latin1;

--
-- Dumping data for table `tbl_admin`
--

INSERT INTO `tbl_admin` (`id`, `name`, `email`, `CONTACT NUMBER`, `password`, `status`, `added_date`, `updated_date`, `isDeleted`) VALUES
(1, 'Rahul', 'admin@gmail.com', '12345678', '1234', 0, '0000-00-00 00:00:00', '0000-00-00 00:00:00', 0),
(4, 'Arun', 'arun@gmail.com', '76543456', '1234', 0, '2019-04-03 14:06:15', '2019-04-03 14:06:15', 0),
(5, 'tarannum shaikh', 'taranum@gmail.com', '76543456', '1234', 0, '2019-04-03 15:11:58', '2019-04-03 15:11:58', 0);

-- --------------------------------------------------------

--
-- Table structure for table `tbl_student`
--

CREATE TABLE `tbl_student` (
  `id` int(11) NOT NULL,
  `student_id` varchar(11) NOT NULL,
  `student_name` varchar(11) NOT NULL,
  `email` varchar(11) NOT NULL,
  `contactno` varchar(11) NOT NULL,
  `class` varchar(11) NOT NULL,
  `section` varchar(11) NOT NULL,
  `password` varchar(11) NOT NULL,
  `status` int(11) NOT NULL,
  `added_date` datetime NOT NULL,
  `updated_date` datetime NOT NULL,
  `isDeleted` int(11) NOT NULL
) ENGINE=InnoDB DEFAULT CHARSET=latin1;

--
-- Dumping data for table `tbl_student`
--

INSERT INTO `tbl_student` (`id`, `student_id`, `student_name`, `email`, `contactno`, `class`, `section`, `password`, `status`, `added_date`, `updated_date`, `isDeleted`) VALUES
(5, '1', 'vidyanand', 'vid@gmail.c', '123456789', 'T.Y', 'BSC(I.T)', '1234', 0, '2019-04-03 14:05:53', '2019-04-03 14:05:53', 0),
(6, '1', 'abhi', 'abhi@gmail.', '123456789', 'F.Y', 'BCOM', '1234', 0, '2019-04-17 23:02:58', '2019-04-17 23:02:58', 0),
(7, '2', 'sagar', 'sagarrajbha', '123456789', 'F.Y', 'BSC(I.T)', '1234', 0, '2019-04-17 23:03:20', '2019-04-17 23:03:20', 0),
(8, '3', 'vicky', 'vid@gmail.c', '987654321', 'T.Y', 'BAF', '1234', 0, '2019-04-17 23:03:45', '2019-04-17 23:03:45', 0);

-- --------------------------------------------------------

--
-- Table structure for table `tbl_subject`
--

CREATE TABLE `tbl_subject` (
  `id` int(11) NOT NULL,
  `subject_id` varchar(11) NOT NULL,
  `subject_name` varchar(50) NOT NULL,
  `display_color` varchar(50) NOT NULL,
  `password` varchar(50) NOT NULL,
  `status` varchar(11) NOT NULL,
  `added_date` datetime NOT NULL,
  `updated_date` datetime NOT NULL,
  `isDeleted` int(11) NOT NULL
) ENGINE=InnoDB DEFAULT CHARSET=latin1;

--
-- Dumping data for table `tbl_subject`
--

INSERT INTO `tbl_subject` (`id`, `subject_id`, `subject_name`, `display_color`, `password`, `status`, `added_date`, `updated_date`, `isDeleted`) VALUES
(19, '1', 'ip', '#000000', '1234', '0', '2019-04-18 00:39:37', '2019-04-18 00:39:37', 0),
(20, '2', 'cs', '#000000', '1234', '0', '2019-04-18 00:39:45', '2019-04-18 00:39:45', 0),
(21, '3', 'dm', '#000000', '1234', '0', '2019-04-18 00:39:57', '2019-04-18 00:39:57', 0),
(22, '4', 'de', '#000000', '1234', '0', '2019-04-18 00:40:04', '2019-04-18 00:40:04', 0),
(23, '5', 'os', '#000000', '1234', '0', '2019-04-18 00:40:13', '2019-04-18 00:40:13', 0),
(24, '1', 'awp', '#000000', '1234', '0', '2019-04-18 00:41:50', '2019-04-18 00:41:50', 0),
(25, '2', 'JAVA', '#000000', '1234', '0', '2019-04-18 00:41:56', '2019-04-18 00:41:56', 0),
(26, '3', 'iot', '#000000', '1234', '0', '2019-04-18 00:42:03', '2019-04-18 00:42:03', 0),
(27, '4', 'spm', '#000000', '1234', '0', '2019-04-18 00:42:10', '2019-04-18 00:42:10', 0),
(28, '5', 'linux', '#000000', '1234', '0', '2019-04-18 00:42:18', '2019-04-18 00:42:18', 0);

-- --------------------------------------------------------

--
-- Table structure for table `tbl_subject_mapping`
--

CREATE TABLE `tbl_subject_mapping` (
  `id` int(10) NOT NULL,
  `section` varchar(50) NOT NULL,
  `class` varchar(100) NOT NULL,
  `subject` varchar(100) NOT NULL
) ENGINE=InnoDB DEFAULT CHARSET=latin1;

--
-- Dumping data for table `tbl_subject_mapping`
--

INSERT INTO `tbl_subject_mapping` (`id`, `section`, `class`, `subject`) VALUES
(24, 'BSC(I.T)', 'F.Y', '19'),
(25, 'BSC(I.T)', 'F.Y', '20'),
(26, 'BSC(I.T)', 'F.Y', '21'),
(27, 'BSC(I.T)', 'F.Y', '22'),
(28, 'BSC(I.T)', 'F.Y', '23'),
(29, 'BSC(I.T)', 'T.Y', '24'),
(30, 'BSC(I.T)', 'T.Y', '25'),
(31, 'BSC(I.T)', 'T.Y', '26'),
(32, 'BSC(I.T)', 'T.Y', '27'),
(33, 'BSC(I.T)', 'T.Y', '28');

-- --------------------------------------------------------

--
-- Table structure for table `tbl_timetable`
--

CREATE TABLE `tbl_timetable` (
  `id` int(11) NOT NULL,
  `class` varchar(50) NOT NULL,
  `section` varchar(30) NOT NULL,
  `subject` int(11) NOT NULL,
  `day` int(11) NOT NULL COMMENT '1=mon,2=tue,3=wed,4=thurs,5=fri,6=sat',
  `period` int(11) NOT NULL,
  `added_date` datetime NOT NULL,
  `updated_date` datetime NOT NULL,
  `isDeleted` int(11) NOT NULL
) ENGINE=InnoDB DEFAULT CHARSET=latin1;

--
-- Dumping data for table `tbl_timetable`
--

INSERT INTO `tbl_timetable` (`id`, `class`, `section`, `subject`, `day`, `period`, `added_date`, `updated_date`, `isDeleted`) VALUES
(1, 'S.Y', 'BSC(I.T)', 4, 1, 4, '2019-04-17 20:46:19', '2019-04-17 20:46:19', 0),
(2, 'S.Y', 'BSC(I.T)', 5, 1, 1, '2019-04-17 20:46:19', '2019-04-17 20:46:19', 0),
(3, 'S.Y', 'BSC(I.T)', 6, 1, 5, '2019-04-17 20:46:19', '2019-04-17 20:46:19', 0),
(4, 'S.Y', 'BSC(I.T)', 7, 1, 2, '2019-04-17 20:46:19', '2019-04-17 20:46:19', 0),
(5, 'S.Y', 'BSC(I.T)', 8, 1, 3, '2019-04-17 20:46:19', '2019-04-17 20:46:19', 0),
(6, 'S.Y', 'BSC(I.T)', 4, 2, 4, '2019-04-17 20:46:19', '2019-04-17 20:46:19', 0),
(7, 'S.Y', 'BSC(I.T)', 5, 2, 1, '2019-04-17 20:46:19', '2019-04-17 20:46:19', 0),
(8, 'S.Y', 'BSC(I.T)', 6, 2, 5, '2019-04-17 20:46:19', '2019-04-17 20:46:19', 0),
(9, 'S.Y', 'BSC(I.T)', 7, 2, 2, '2019-04-17 20:46:19', '2019-04-17 20:46:19', 0),
(10, 'S.Y', 'BSC(I.T)', 8, 2, 3, '2019-04-17 20:46:19', '2019-04-17 20:46:19', 0),
(11, 'S.Y', 'BSC(I.T)', 4, 3, 5, '2019-04-17 20:46:19', '2019-04-17 20:46:19', 0),
(12, 'S.Y', 'BSC(I.T)', 5, 3, 3, '2019-04-17 20:46:19', '2019-04-17 20:46:19', 0),
(13, 'S.Y', 'BSC(I.T)', 6, 3, 2, '2019-04-17 20:46:19', '2019-04-17 20:46:19', 0),
(14, 'S.Y', 'BSC(I.T)', 7, 3, 4, '2019-04-17 20:46:19', '2019-04-17 20:46:19', 0),
(15, 'S.Y', 'BSC(I.T)', 8, 3, 1, '2019-04-17 20:46:19', '2019-04-17 20:46:19', 0),
(16, 'S.Y', 'BSC(I.T)', 4, 4, 1, '2019-04-17 20:46:19', '2019-04-17 20:46:19', 0),
(17, 'S.Y', 'BSC(I.T)', 5, 4, 5, '2019-04-17 20:46:19', '2019-04-17 20:46:19', 0),
(18, 'S.Y', 'BSC(I.T)', 6, 4, 2, '2019-04-17 20:46:19', '2019-04-17 20:46:19', 0),
(19, 'S.Y', 'BSC(I.T)', 7, 4, 4, '2019-04-17 20:46:19', '2019-04-17 20:46:19', 0),
(20, 'S.Y', 'BSC(I.T)', 8, 4, 3, '2019-04-17 20:46:19', '2019-04-17 20:46:19', 0),
(21, 'S.Y', 'BSC(I.T)', 4, 5, 5, '2019-04-17 20:46:19', '2019-04-17 20:46:19', 0),
(22, 'S.Y', 'BSC(I.T)', 5, 5, 3, '2019-04-17 20:46:19', '2019-04-17 20:46:19', 0),
(23, 'S.Y', 'BSC(I.T)', 6, 5, 2, '2019-04-17 20:46:19', '2019-04-17 20:46:19', 0),
(24, 'S.Y', 'BSC(I.T)', 7, 5, 4, '2019-04-17 20:46:19', '2019-04-17 20:46:19', 0),
(25, 'S.Y', 'BSC(I.T)', 8, 5, 1, '2019-04-17 20:46:19', '2019-04-17 20:46:19', 0),
(26, 'S.Y', 'BSC(I.T)', 4, 6, 5, '2019-04-17 20:46:19', '2019-04-17 20:46:19', 0),
(27, 'S.Y', 'BSC(I.T)', 5, 6, 2, '2019-04-17 20:46:19', '2019-04-17 20:46:19', 0),
(28, 'S.Y', 'BSC(I.T)', 6, 6, 4, '2019-04-17 20:46:19', '2019-04-17 20:46:19', 0),
(29, 'S.Y', 'BSC(I.T)', 7, 6, 3, '2019-04-17 20:46:19', '2019-04-17 20:46:19', 0),
(30, 'S.Y', 'BSC(I.T)', 8, 6, 1, '2019-04-17 20:46:19', '2019-04-17 20:46:19', 0),
(61, 'T.Y', 'BSC(I.T)', 4, 1, 4, '2019-04-17 20:52:18', '2019-04-17 20:52:18', 0),
(62, 'T.Y', 'BSC(I.T)', 5, 1, 2, '2019-04-17 20:52:18', '2019-04-17 20:52:18', 0),
(63, 'T.Y', 'BSC(I.T)', 9, 1, 3, '2019-04-17 20:52:18', '2019-04-17 20:52:18', 0),
(64, 'T.Y', 'BSC(I.T)', 10, 1, 1, '2019-04-17 20:52:18', '2019-04-17 20:52:18', 0),
(65, 'T.Y', 'BSC(I.T)', 12, 1, 5, '2019-04-17 20:52:18', '2019-04-17 20:52:18', 0),
(66, 'T.Y', 'BSC(I.T)', 4, 2, 5, '2019-04-17 20:52:18', '2019-04-17 20:52:18', 0),
(67, 'T.Y', 'BSC(I.T)', 5, 2, 3, '2019-04-17 20:52:18', '2019-04-17 20:52:18', 0),
(68, 'T.Y', 'BSC(I.T)', 9, 2, 4, '2019-04-17 20:52:18', '2019-04-17 20:52:18', 0),
(69, 'T.Y', 'BSC(I.T)', 10, 2, 1, '2019-04-17 20:52:18', '2019-04-17 20:52:18', 0),
(70, 'T.Y', 'BSC(I.T)', 12, 2, 2, '2019-04-17 20:52:18', '2019-04-17 20:52:18', 0),
(71, 'T.Y', 'BSC(I.T)', 4, 3, 5, '2019-04-17 20:52:18', '2019-04-17 20:52:18', 0),
(72, 'T.Y', 'BSC(I.T)', 5, 3, 2, '2019-04-17 20:52:18', '2019-04-17 20:52:18', 0),
(73, 'T.Y', 'BSC(I.T)', 9, 3, 4, '2019-04-17 20:52:18', '2019-04-17 20:52:18', 0),
(74, 'T.Y', 'BSC(I.T)', 10, 3, 1, '2019-04-17 20:52:18', '2019-04-17 20:52:18', 0),
(75, 'T.Y', 'BSC(I.T)', 12, 3, 3, '2019-04-17 20:52:18', '2019-04-17 20:52:18', 0),
(76, 'T.Y', 'BSC(I.T)', 4, 4, 2, '2019-04-17 20:52:18', '2019-04-17 20:52:18', 0),
(77, 'T.Y', 'BSC(I.T)', 5, 4, 4, '2019-04-17 20:52:18', '2019-04-17 20:52:18', 0),
(78, 'T.Y', 'BSC(I.T)', 9, 4, 1, '2019-04-17 20:52:18', '2019-04-17 20:52:18', 0),
(79, 'T.Y', 'BSC(I.T)', 10, 4, 3, '2019-04-17 20:52:18', '2019-04-17 20:52:18', 0),
(80, 'T.Y', 'BSC(I.T)', 12, 4, 5, '2019-04-17 20:52:18', '2019-04-17 20:52:18', 0),
(81, 'T.Y', 'BSC(I.T)', 4, 5, 4, '2019-04-17 20:52:18', '2019-04-17 20:52:18', 0),
(82, 'T.Y', 'BSC(I.T)', 5, 5, 1, '2019-04-17 20:52:18', '2019-04-17 20:52:18', 0),
(83, 'T.Y', 'BSC(I.T)', 9, 5, 5, '2019-04-17 20:52:18', '2019-04-17 20:52:18', 0),
(84, 'T.Y', 'BSC(I.T)', 10, 5, 2, '2019-04-17 20:52:18', '2019-04-17 20:52:18', 0),
(85, 'T.Y', 'BSC(I.T)', 12, 5, 3, '2019-04-17 20:52:18', '2019-04-17 20:52:18', 0),
(86, 'T.Y', 'BSC(I.T)', 4, 6, 2, '2019-04-17 20:52:18', '2019-04-17 20:52:18', 0),
(87, 'T.Y', 'BSC(I.T)', 5, 6, 3, '2019-04-17 20:52:18', '2019-04-17 20:52:18', 0),
(88, 'T.Y', 'BSC(I.T)', 9, 6, 4, '2019-04-17 20:52:18', '2019-04-17 20:52:18', 0),
(89, 'T.Y', 'BSC(I.T)', 10, 6, 5, '2019-04-17 20:52:18', '2019-04-17 20:52:18', 0),
(90, 'T.Y', 'BSC(I.T)', 12, 6, 1, '2019-04-17 20:52:18', '2019-04-17 20:52:18', 0),
(91, 'T.Y', 'BSC(I.T)', 4, 1, 2, '2019-04-17 21:07:44', '2019-04-17 21:07:44', 0),
(92, 'T.Y', 'BSC(I.T)', 5, 1, 4, '2019-04-17 21:07:44', '2019-04-17 21:07:44', 0),
(93, 'T.Y', 'BSC(I.T)', 9, 1, 1, '2019-04-17 21:07:44', '2019-04-17 21:07:44', 0),
(94, 'T.Y', 'BSC(I.T)', 10, 1, 5, '2019-04-17 21:07:44', '2019-04-17 21:07:44', 0),
(95, 'T.Y', 'BSC(I.T)', 12, 1, 3, '2019-04-17 21:07:44', '2019-04-17 21:07:44', 0),
(96, 'T.Y', 'BSC(I.T)', 4, 2, 5, '2019-04-17 21:07:44', '2019-04-17 21:07:44', 0),
(97, 'T.Y', 'BSC(I.T)', 5, 2, 1, '2019-04-17 21:07:44', '2019-04-17 21:07:44', 0),
(98, 'T.Y', 'BSC(I.T)', 9, 2, 4, '2019-04-17 21:07:44', '2019-04-17 21:07:44', 0),
(99, 'T.Y', 'BSC(I.T)', 10, 2, 3, '2019-04-17 21:07:44', '2019-04-17 21:07:44', 0),
(100, 'T.Y', 'BSC(I.T)', 12, 2, 2, '2019-04-17 21:07:44', '2019-04-17 21:07:44', 0),
(101, 'T.Y', 'BSC(I.T)', 4, 3, 3, '2019-04-17 21:07:44', '2019-04-17 21:07:44', 0),
(102, 'T.Y', 'BSC(I.T)', 5, 3, 1, '2019-04-17 21:07:44', '2019-04-17 21:07:44', 0),
(103, 'T.Y', 'BSC(I.T)', 9, 3, 4, '2019-04-17 21:07:44', '2019-04-17 21:07:44', 0),
(104, 'T.Y', 'BSC(I.T)', 10, 3, 5, '2019-04-17 21:07:44', '2019-04-17 21:07:44', 0),
(105, 'T.Y', 'BSC(I.T)', 12, 3, 2, '2019-04-17 21:07:44', '2019-04-17 21:07:44', 0),
(106, 'T.Y', 'BSC(I.T)', 4, 4, 5, '2019-04-17 21:07:44', '2019-04-17 21:07:44', 0),
(107, 'T.Y', 'BSC(I.T)', 5, 4, 1, '2019-04-17 21:07:44', '2019-04-17 21:07:44', 0),
(108, 'T.Y', 'BSC(I.T)', 9, 4, 4, '2019-04-17 21:07:44', '2019-04-17 21:07:44', 0),
(109, 'T.Y', 'BSC(I.T)', 10, 4, 2, '2019-04-17 21:07:44', '2019-04-17 21:07:44', 0),
(110, 'T.Y', 'BSC(I.T)', 12, 4, 3, '2019-04-17 21:07:44', '2019-04-17 21:07:44', 0),
(111, 'T.Y', 'BSC(I.T)', 4, 5, 5, '2019-04-17 21:07:44', '2019-04-17 21:07:44', 0),
(112, 'T.Y', 'BSC(I.T)', 5, 5, 3, '2019-04-17 21:07:44', '2019-04-17 21:07:44', 0),
(113, 'T.Y', 'BSC(I.T)', 9, 5, 1, '2019-04-17 21:07:44', '2019-04-17 21:07:44', 0),
(114, 'T.Y', 'BSC(I.T)', 10, 5, 2, '2019-04-17 21:07:44', '2019-04-17 21:07:44', 0),
(115, 'T.Y', 'BSC(I.T)', 12, 5, 4, '2019-04-17 21:07:44', '2019-04-17 21:07:44', 0),
(116, 'T.Y', 'BSC(I.T)', 4, 6, 1, '2019-04-17 21:07:44', '2019-04-17 21:07:44', 0),
(117, 'T.Y', 'BSC(I.T)', 5, 6, 2, '2019-04-17 21:07:44', '2019-04-17 21:07:44', 0),
(118, 'T.Y', 'BSC(I.T)', 9, 6, 5, '2019-04-17 21:07:44', '2019-04-17 21:07:44', 0),
(119, 'T.Y', 'BSC(I.T)', 10, 6, 4, '2019-04-17 21:07:44', '2019-04-17 21:07:44', 0),
(120, 'T.Y', 'BSC(I.T)', 12, 6, 3, '2019-04-17 21:07:44', '2019-04-17 21:07:44', 0),
(121, 'F.Y', 'BSC(I.T)', 19, 1, 1, '2019-04-17 21:11:12', '2019-04-17 21:11:12', 0),
(122, 'F.Y', 'BSC(I.T)', 20, 1, 4, '2019-04-17 21:11:12', '2019-04-17 21:11:12', 0),
(123, 'F.Y', 'BSC(I.T)', 21, 1, 3, '2019-04-17 21:11:12', '2019-04-17 21:11:12', 0),
(124, 'F.Y', 'BSC(I.T)', 22, 1, 2, '2019-04-17 21:11:12', '2019-04-17 21:11:12', 0),
(125, 'F.Y', 'BSC(I.T)', 23, 1, 5, '2019-04-17 21:11:12', '2019-04-17 21:11:12', 0),
(126, 'F.Y', 'BSC(I.T)', 19, 2, 1, '2019-04-17 21:11:12', '2019-04-17 21:11:12', 0),
(127, 'F.Y', 'BSC(I.T)', 20, 2, 2, '2019-04-17 21:11:12', '2019-04-17 21:11:12', 0),
(128, 'F.Y', 'BSC(I.T)', 21, 2, 3, '2019-04-17 21:11:12', '2019-04-17 21:11:12', 0),
(129, 'F.Y', 'BSC(I.T)', 22, 2, 4, '2019-04-17 21:11:12', '2019-04-17 21:11:12', 0),
(130, 'F.Y', 'BSC(I.T)', 23, 2, 5, '2019-04-17 21:11:12', '2019-04-17 21:11:12', 0),
(131, 'F.Y', 'BSC(I.T)', 19, 3, 5, '2019-04-17 21:11:12', '2019-04-17 21:11:12', 0),
(132, 'F.Y', 'BSC(I.T)', 20, 3, 4, '2019-04-17 21:11:12', '2019-04-17 21:11:12', 0),
(133, 'F.Y', 'BSC(I.T)', 21, 3, 2, '2019-04-17 21:11:12', '2019-04-17 21:11:12', 0),
(134, 'F.Y', 'BSC(I.T)', 22, 3, 3, '2019-04-17 21:11:12', '2019-04-17 21:11:12', 0),
(135, 'F.Y', 'BSC(I.T)', 23, 3, 1, '2019-04-17 21:11:12', '2019-04-17 21:11:12', 0),
(136, 'F.Y', 'BSC(I.T)', 19, 4, 4, '2019-04-17 21:11:12', '2019-04-17 21:11:12', 0),
(137, 'F.Y', 'BSC(I.T)', 20, 4, 5, '2019-04-17 21:11:12', '2019-04-17 21:11:12', 0),
(138, 'F.Y', 'BSC(I.T)', 21, 4, 2, '2019-04-17 21:11:12', '2019-04-17 21:11:12', 0),
(139, 'F.Y', 'BSC(I.T)', 22, 4, 1, '2019-04-17 21:11:12', '2019-04-17 21:11:12', 0),
(140, 'F.Y', 'BSC(I.T)', 23, 4, 3, '2019-04-17 21:11:12', '2019-04-17 21:11:12', 0),
(141, 'F.Y', 'BSC(I.T)', 19, 5, 3, '2019-04-17 21:11:12', '2019-04-17 21:11:12', 0),
(142, 'F.Y', 'BSC(I.T)', 20, 5, 5, '2019-04-17 21:11:12', '2019-04-17 21:11:12', 0),
(143, 'F.Y', 'BSC(I.T)', 21, 5, 2, '2019-04-17 21:11:12', '2019-04-17 21:11:12', 0),
(144, 'F.Y', 'BSC(I.T)', 22, 5, 1, '2019-04-17 21:11:12', '2019-04-17 21:11:12', 0),
(145, 'F.Y', 'BSC(I.T)', 23, 5, 4, '2019-04-17 21:11:12', '2019-04-17 21:11:12', 0),
(146, 'F.Y', 'BSC(I.T)', 19, 6, 5, '2019-04-17 21:11:12', '2019-04-17 21:11:12', 0),
(147, 'F.Y', 'BSC(I.T)', 20, 6, 2, '2019-04-17 21:11:12', '2019-04-17 21:11:12', 0),
(148, 'F.Y', 'BSC(I.T)', 21, 6, 3, '2019-04-17 21:11:12', '2019-04-17 21:11:12', 0),
(149, 'F.Y', 'BSC(I.T)', 22, 6, 1, '2019-04-17 21:11:12', '2019-04-17 21:11:12', 0),
(150, 'F.Y', 'BSC(I.T)', 23, 6, 4, '2019-04-17 21:11:12', '2019-04-17 21:11:12', 0),
(151, 'T.Y', 'BSC(I.T)', 24, 1, 2, '2019-04-17 21:13:25', '2019-04-17 21:13:25', 0),
(152, 'T.Y', 'BSC(I.T)', 25, 1, 5, '2019-04-17 21:13:25', '2019-04-17 21:13:25', 0),
(153, 'T.Y', 'BSC(I.T)', 26, 1, 4, '2019-04-17 21:13:25', '2019-04-17 21:13:25', 0),
(154, 'T.Y', 'BSC(I.T)', 27, 1, 3, '2019-04-17 21:13:25', '2019-04-17 21:13:25', 0),
(155, 'T.Y', 'BSC(I.T)', 28, 1, 1, '2019-04-17 21:13:25', '2019-04-17 21:13:25', 0),
(156, 'T.Y', 'BSC(I.T)', 24, 2, 3, '2019-04-17 21:13:25', '2019-04-17 21:13:25', 0),
(157, 'T.Y', 'BSC(I.T)', 25, 2, 4, '2019-04-17 21:13:25', '2019-04-17 21:13:25', 0),
(158, 'T.Y', 'BSC(I.T)', 26, 2, 2, '2019-04-17 21:13:25', '2019-04-17 21:13:25', 0),
(159, 'T.Y', 'BSC(I.T)', 27, 2, 5, '2019-04-17 21:13:25', '2019-04-17 21:13:25', 0),
(160, 'T.Y', 'BSC(I.T)', 28, 2, 1, '2019-04-17 21:13:25', '2019-04-17 21:13:25', 0),
(161, 'T.Y', 'BSC(I.T)', 24, 3, 2, '2019-04-17 21:13:25', '2019-04-17 21:13:25', 0),
(162, 'T.Y', 'BSC(I.T)', 25, 3, 5, '2019-04-17 21:13:25', '2019-04-17 21:13:25', 0),
(163, 'T.Y', 'BSC(I.T)', 26, 3, 4, '2019-04-17 21:13:25', '2019-04-17 21:13:25', 0),
(164, 'T.Y', 'BSC(I.T)', 27, 3, 3, '2019-04-17 21:13:25', '2019-04-17 21:13:25', 0),
(165, 'T.Y', 'BSC(I.T)', 28, 3, 1, '2019-04-17 21:13:25', '2019-04-17 21:13:25', 0),
(166, 'T.Y', 'BSC(I.T)', 24, 4, 1, '2019-04-17 21:13:25', '2019-04-17 21:13:25', 0),
(167, 'T.Y', 'BSC(I.T)', 25, 4, 2, '2019-04-17 21:13:25', '2019-04-17 21:13:25', 0),
(168, 'T.Y', 'BSC(I.T)', 26, 4, 4, '2019-04-17 21:13:25', '2019-04-17 21:13:25', 0),
(169, 'T.Y', 'BSC(I.T)', 27, 4, 3, '2019-04-17 21:13:25', '2019-04-17 21:13:25', 0),
(170, 'T.Y', 'BSC(I.T)', 28, 4, 5, '2019-04-17 21:13:25', '2019-04-17 21:13:25', 0),
(171, 'T.Y', 'BSC(I.T)', 24, 5, 2, '2019-04-17 21:13:25', '2019-04-17 21:13:25', 0),
(172, 'T.Y', 'BSC(I.T)', 25, 5, 5, '2019-04-17 21:13:25', '2019-04-17 21:13:25', 0),
(173, 'T.Y', 'BSC(I.T)', 26, 5, 4, '2019-04-17 21:13:25', '2019-04-17 21:13:25', 0),
(174, 'T.Y', 'BSC(I.T)', 27, 5, 3, '2019-04-17 21:13:25', '2019-04-17 21:13:25', 0),
(175, 'T.Y', 'BSC(I.T)', 28, 5, 1, '2019-04-17 21:13:25', '2019-04-17 21:13:25', 0),
(176, 'T.Y', 'BSC(I.T)', 24, 6, 2, '2019-04-17 21:13:25', '2019-04-17 21:13:25', 0),
(177, 'T.Y', 'BSC(I.T)', 25, 6, 5, '2019-04-17 21:13:25', '2019-04-17 21:13:25', 0),
(178, 'T.Y', 'BSC(I.T)', 26, 6, 4, '2019-04-17 21:13:25', '2019-04-17 21:13:25', 0),
(179, 'T.Y', 'BSC(I.T)', 27, 6, 3, '2019-04-17 21:13:25', '2019-04-17 21:13:25', 0),
(180, 'T.Y', 'BSC(I.T)', 28, 6, 1, '2019-04-17 21:13:25', '2019-04-17 21:13:25', 0);

--
-- Indexes for dumped tables
--

--
-- Indexes for table `tbl_admin`
--
ALTER TABLE `tbl_admin`
  ADD PRIMARY KEY (`id`);

--
-- Indexes for table `tbl_student`
--
ALTER TABLE `tbl_student`
  ADD PRIMARY KEY (`id`);

--
-- Indexes for table `tbl_subject`
--
ALTER TABLE `tbl_subject`
  ADD PRIMARY KEY (`id`);

--
-- Indexes for table `tbl_subject_mapping`
--
ALTER TABLE `tbl_subject_mapping`
  ADD PRIMARY KEY (`id`);

--
-- Indexes for table `tbl_timetable`
--
ALTER TABLE `tbl_timetable`
  ADD PRIMARY KEY (`id`);

--
-- AUTO_INCREMENT for dumped tables
--

--
-- AUTO_INCREMENT for table `tbl_admin`
--
ALTER TABLE `tbl_admin`
  MODIFY `id` int(11) NOT NULL AUTO_INCREMENT, AUTO_INCREMENT=6;
--
-- AUTO_INCREMENT for table `tbl_student`
--
ALTER TABLE `tbl_student`
  MODIFY `id` int(11) NOT NULL AUTO_INCREMENT, AUTO_INCREMENT=9;
--
-- AUTO_INCREMENT for table `tbl_subject`
--
ALTER TABLE `tbl_subject`
  MODIFY `id` int(11) NOT NULL AUTO_INCREMENT, AUTO_INCREMENT=29;
--
-- AUTO_INCREMENT for table `tbl_subject_mapping`
--
ALTER TABLE `tbl_subject_mapping`
  MODIFY `id` int(10) NOT NULL AUTO_INCREMENT, AUTO_INCREMENT=34;
--
-- AUTO_INCREMENT for table `tbl_timetable`
--
ALTER TABLE `tbl_timetable`
  MODIFY `id` int(11) NOT NULL AUTO_INCREMENT, AUTO_INCREMENT=181;
/*!40101 SET CHARACTER_SET_CLIENT=@OLD_CHARACTER_SET_CLIENT */;
/*!40101 SET CHARACTER_SET_RESULTS=@OLD_CHARACTER_SET_RESULTS */;
/*!40101 SET COLLATION_CONNECTION=@OLD_COLLATION_CONNECTION */;
